City_ID,City,Lat,Lng,Max Temp,Humidity,Cloudiness,Wind Speed,Country,Date
0,mataura,-46.1927,168.8643,280.99,88,99,6.09,NZ,1688433995
1,lebu,-37.6167,-73.65,285.17,88,100,8.37,CL,1688433996
2,jamestown,42.097,-79.2353,294.27,90,100,1.54,US,1688433997
3,tuktoyaktuk,69.4541,-133.0374,293.15,56,20,8.75,CA,1688433997
4,busselton,-33.65,115.3333,285.38,72,93,10.28,AU,1688433998
5,ribeira grande,38.5167,-28.7,291.91,83,100,3.58,PT,1688433998
6,barrow,71.2906,-156.7887,281.16,76,0,6.17,US,1688433999
7,bredasdorp,-34.5322,20.0403,283.76,89,91,2.26,ZA,1688434000
8,bengkulu,-3.8004,102.2655,298.49,86,7,2.08,ID,1688434000
9,magomeni,-6.8,39.25,293.97,88,6,2.27,TZ,1688434001
10,rikitea,-23.1203,-134.9692,296.27,72,30,5.78,PF,1688433795
11,port-cartier,50.0334,-66.8654,289.27,97,40,0.91,CA,1688434002
12,broken hill,-31.95,141.4333,282.64,92,100,3.02,AU,1688434003
13,longyearbyen,78.2186,15.6401,283.06,50,0,8.23,SJ,1688434003
14,hermanus,-34.4187,19.2345,281.93,82,68,1.94,ZA,1688434004
15,upington,-28.4478,21.2561,279.36,65,0,0.0,ZA,1688434004
16,sitka,57.0531,-135.33,287.09,82,75,1.54,US,1688434005
17,ahipara,-35.1667,173.1667,289.72,76,100,6.3,NZ,1688434005
18,tasiilaq,65.6145,-37.6368,279.24,61,4,2.68,GL,1688434006
19,atuona,-9.8,-139.0333,299.44,73,0,9.51,PF,1688433777
20,vostryakovo,55.4006,37.8111,286.16,76,0,1.0,RU,1688434008
21,northam,51.0333,-4.2167,287.93,81,100,5.99,GB,1688434008
22,albany,42.6001,-73.9662,295.51,93,56,0.68,US,1688434009
23,ushuaia,-54.8,-68.3,275.96,70,0,2.57,AR,1688434009
24,saint-felicien,48.6501,-72.4491,295.43,88,20,1.03,CA,1688434010
25,dalen,52.6992,6.7556,286.52,89,99,3.58,NL,1688434011
26,kodiak,57.79,-152.4072,283.88,82,100,5.14,US,1688434011
27,fairbanks,64.8378,-147.7164,296.26,41,75,3.6,US,1688433781
28,marienburg,54.0359,19.0266,287.54,74,13,3.79,PL,1688434012
29,georgetown,5.4112,100.3354,303.11,87,20,2.06,MY,1688433780
30,mahibadhoo,3.7833,72.9667,300.52,76,100,4.66,MV,1688434013
31,torbay,47.6666,-52.7314,292.58,94,75,5.66,CA,1688434014
32,gola gokarannath,28.0833,80.4667,300.21,85,74,4.4,IN,1688434014
33,chokurdakh,70.6333,147.9167,279.03,49,100,4.73,RU,1688434015
34,waingapu,-9.6567,120.2641,299.89,72,25,4.09,ID,1688434016
35,comodoro rivadavia,-45.8667,-67.5,281.07,39,0,11.83,AR,1688434016
36,kapaa,22.0752,-159.319,303.33,78,75,4.63,US,1688434017
37,belaya gora,68.5333,146.4167,281.87,49,91,5.18,RU,1688434018
38,yellowknife,62.456,-114.3525,295.44,26,20,2.57,CA,1688434019
39,tiksi,71.6872,128.8694,277.54,64,86,1.08,RU,1688434020
40,mount gambier,-37.8333,140.7667,281.33,98,100,1.58,AU,1688434021
41,parnamirim,-5.9156,-35.2628,298.09,88,20,5.14,BR,1688433761
42,port alfred,-33.5906,26.891,287.31,87,90,4.97,ZA,1688434022
43,ponta do sol,32.6667,-17.1,296.32,81,16,1.82,PT,1688434022
44,gambela,8.25,34.5833,293.98,97,84,1.16,ET,1688434023
45,taksimo,56.3444,114.8794,292.64,77,100,0.39,RU,1688433735
46,yumen,40.2833,97.2,296.32,13,0,1.02,CN,1688434024
47,pisco,-13.7,-76.2167,294.18,68,100,3.09,PE,1688434025
48,cidreira,-30.1811,-50.2056,290.46,89,13,7.6,BR,1688434026
49,harper,4.375,-7.7169,297.82,84,98,1.96,LR,1688434026
50,mahebourg,-20.4081,57.7,295.31,73,75,6.17,MU,1688434027
51,luohe,33.5717,114.0353,298.14,68,100,6.31,CN,1688434027
52,aksarka,66.5606,67.7975,292.84,77,79,2.93,RU,1688434028
53,ural,55.9078,94.7464,288.38,85,100,1.67,RU,1688434029
54,morganton,35.7454,-81.6848,298.81,89,37,0.93,US,1688434029
55,along,28.1667,94.7667,297.68,94,84,0.07,IN,1688434030
56,cozumel,20.5083,-86.9458,302.56,90,100,3.13,MX,1688434030
57,omboue,-1.5746,9.2618,294.62,94,83,2.79,GA,1688434031
58,vila velha,-20.3297,-40.2925,292.56,74,0,4.12,BR,1688434032
59,beloha,-25.1667,45.05,288.62,78,0,3.47,MG,1688434032
60,hofn,64.2539,-15.2082,281.76,72,90,1.85,IS,1688434033
61,coahuayana,18.7333,-103.6833,302.63,70,38,2.16,MX,1688434033
62,punta arenas,-53.15,-70.9167,275.21,87,0,5.14,CL,1688434034
63,luderitz,-26.6481,15.1594,289.6,61,0,4.74,NA,1688434034
64,mogadishu,2.0371,45.3438,298.15,80,76,7.48,SO,1688434001
65,puerto ayora,-0.7393,-90.3518,298.46,87,27,3.13,EC,1688434036
66,jinji,23.2281,110.8261,301.59,84,78,1.8,CN,1688434036
67,hamilton,39.1834,-84.5333,299.06,77,75,2.57,US,1688433988
68,san patricio,28.017,-97.5169,304.56,61,16,6.86,US,1688434037
69,margate,51.3813,1.3862,286.41,76,100,2.24,GB,1688434038
70,hit,33.6416,42.8251,303.93,21,0,6.01,IQ,1688434039
71,hilo,19.7297,-155.09,301.0,72,40,4.12,US,1688434039
72,dukat,62.55,155.55,300.46,39,47,6.75,RU,1688434040
73,cayenne,4.9333,-52.3333,296.17,100,75,1.54,GF,1688434041
74,lingao,19.9103,109.6859,302.88,70,41,3.13,CN,1688434041
75,bagotville,-28.9833,153.4167,288.5,93,100,2.54,AU,1688434042
76,walvis bay,-22.9575,14.5053,289.68,31,0,1.03,NA,1688434043
77,buraydah,26.326,43.975,304.4,15,4,2.44,SA,1688434044
78,lima,-12.0432,-77.0282,294.76,77,75,5.14,PE,1688434032
79,kavieng,-2.5744,150.7967,302.19,75,100,6.37,PG,1688434045
80,snezhnogorsk,69.1933,33.2531,279.03,96,95,0.26,RU,1688434046
81,mankera,31.3866,71.4407,309.83,36,0,7.53,PK,1688434047
82,port elizabeth,-33.918,25.5701,286.31,87,0,2.57,ZA,1688434047
83,kaitangata,-46.2817,169.8464,282.04,78,97,8.46,NZ,1688434048
84,san quintin,30.4833,-115.95,293.27,78,10,5.58,MX,1688434048
85,vaini,-21.2,-175.2,297.24,64,40,3.09,TO,1688434049
86,bandarbeyla,9.4942,50.8122,298.25,70,16,12.21,SO,1688434049
87,ribas do rio pardo,-20.4431,-53.7592,289.86,68,6,2.4,BR,1688434050
88,roma,43.2128,-75.4557,295.75,89,20,0.0,US,1688434051
89,airai,-8.9266,125.4092,291.21,89,88,1.09,TL,1688434051
90,new norfolk,-42.7826,147.0587,282.55,62,100,0.51,AU,1688434052
91,lorengau,-2.0226,147.2712,301.32,80,99,4.11,PG,1688434052
92,matara,5.9485,80.5353,298.8,88,100,7.5,LK,1688434053
93,juba,4.8517,31.5825,293.84,95,98,1.63,SS,1688434053
94,baker city,44.7749,-117.8344,299.04,25,0,7.72,US,1688434054
95,avera,33.194,-82.5271,301.88,63,100,1.8,US,1688434055
96,dunedin,-45.8742,170.5036,283.6,62,99,8.49,NZ,1688434055
97,oksfjord,70.2396,22.3479,286.19,63,1,1.6,NO,1688434056
98,bluff,-46.6,168.3333,282.57,75,94,12.96,NZ,1688434056
99,puerto del rosario,28.5004,-13.8627,296.01,78,75,4.12,ES,1688434057
100,leningradskiy,69.3833,178.4167,285.42,55,100,4.78,RU,1688434057
101,alofi,-19.0595,-169.9187,299.09,73,75,4.63,NU,1688434058
102,kuytun,54.3419,101.5036,286.35,97,100,5.95,RU,1688434058
103,cape town,-33.9258,18.4232,288.92,84,40,2.57,ZA,1688434005
104,esperance,-33.8667,121.9,284.86,69,6,12.26,AU,1688434059
105,auki,-8.7676,160.7034,302.36,70,95,2.83,SB,1688434060
106,la ronge,55.1001,-105.2842,285.29,71,100,7.2,CA,1688434060
107,assiniboia,49.6334,-105.9845,295.05,24,10,8.23,CA,1688434061
108,vikulovo,56.8167,70.6107,293.0,78,7,3.65,RU,1688434061
109,tilichiki,60.4667,166.1,281.33,95,100,2.96,RU,1688434063
110,kabinda,-6.1333,24.4833,291.47,49,0,2.15,CD,1688434064
111,fortuna,40.5982,-124.1573,290.18,79,0,5.14,US,1688434065
112,avarua,-21.2078,-159.775,300.18,78,14,2.57,CK,1688434065
113,hervey bay,-25.2986,152.8535,294.89,76,74,6.94,AU,1688433999
114,rawson,-43.3002,-65.1023,284.58,37,100,5.5,AR,1688434066
115,wewak,-3.5534,143.6268,302.35,71,100,2.36,PG,1688434067
116,norman wells,65.282,-126.8329,301.17,30,40,6.69,CA,1688434067
117,qaanaaq,77.484,-69.3632,276.98,82,17,2.66,GL,1688434068
118,portland,45.5234,-122.6762,305.68,23,20,4.63,US,1688433969
119,tuatapere,-46.1333,167.6833,282.26,77,96,7.95,NZ,1688434069
120,upernavik,72.7868,-56.1549,278.12,73,100,3.07,GL,1688434050
121,syracuse,37.0881,15.2792,295.8,79,0,3.36,IT,1688434012
122,hithadhoo,-0.6,73.0833,301.05,72,93,5.56,MV,1688434070
123,kysyl-syr,63.8986,122.7617,291.19,48,100,3.66,RU,1688434071
124,nikolskoye,59.7035,30.7861,285.82,80,12,5.53,RU,1688434071
125,guerrero negro,27.9769,-114.0611,292.76,75,0,7.71,MX,1688434072
126,shihezi,44.3,86.0333,301.99,17,100,2.7,CN,1688434072
127,tezu,27.9167,96.1667,299.88,88,90,0.35,IN,1688434073
128,hobart,-42.8794,147.3294,282.74,84,100,3.6,AU,1688433784
129,talnakh,69.4865,88.3972,291.6,57,8,1.99,RU,1688434074
130,clyde river,70.4692,-68.5914,274.28,100,100,5.14,CA,1688434075
131,pangai,-19.8,-174.35,298.21,73,75,2.57,TO,1688434076
132,arroyohondo,10.2522,-75.0198,299.12,90,100,2.3,CO,1688434077
133,palauig,15.435,119.9045,302.74,67,100,0.93,PH,1688434077
134,cherskiy,68.75,161.3,282.45,49,84,7.56,RU,1688434078
135,mar del plata,-38.0023,-57.5575,289.31,98,100,4.0,AR,1688434046
136,mantua,45.1667,10.7833,294.09,86,54,0.45,IT,1688434079
137,aykhal,66.0,111.5,288.29,58,30,1.69,RU,1688434079
138,traverse city,44.7631,-85.6206,297.19,74,20,2.06,US,1688434080
139,thompson,55.7435,-97.8558,289.24,82,75,3.09,CA,1688433989
140,guisa,20.255,-76.5386,297.69,94,99,1.42,CU,1688434081
141,port alberni,49.2413,-124.8028,303.64,28,0,3.13,CA,1688434081
142,mayo,38.8876,-76.5119,301.54,86,75,6.69,US,1688434082
143,kaeo,-35.1,173.7833,291.11,75,74,4.87,NZ,1688434082
144,touros,-5.1989,-35.4608,298.11,82,99,7.62,BR,1688433869
145,kardla,58.9978,22.7492,288.74,76,16,8.39,EE,1688434084
146,carutapera,-1.195,-46.02,297.68,90,6,2.4,BR,1688434084
147,east london,-33.0153,27.9116,288.49,86,100,4.09,ZA,1688434085
148,makurdi,7.7411,8.5121,297.82,90,67,2.6,NG,1688434086
149,ulladulla,-35.35,150.4667,285.63,90,100,1.74,AU,1688434087
150,bac lieu,9.285,105.7244,301.1,77,94,2.85,VN,1688434088
151,san andres,12.5847,-81.7006,300.16,83,20,4.63,CO,1688434088
152,chuy,-33.6971,-53.4616,287.37,97,100,2.73,UY,1688434089
153,bandundu,-3.3167,17.3667,296.09,35,0,1.46,CD,1688434089
154,beira,-19.8436,34.8389,294.9,73,53,1.98,MZ,1688434090
155,teguise,29.0605,-13.564,294.27,73,0,6.17,ES,1688434091
156,voznesenye,61.0106,35.4781,286.6,80,94,6.18,RU,1688434092
157,talcahuano,-36.7167,-73.1167,285.97,82,0,6.17,CL,1688434092
158,jhabua,22.7667,74.6,299.96,85,81,3.06,IN,1688434093
159,lavrentiya,65.5833,-171.0,281.95,85,100,3.43,RU,1688434093
160,nogent-le-rotrou,48.3333,1.0,285.73,86,12,2.5,FR,1688434094
161,kaabong,3.4836,34.1492,289.27,85,100,3.77,UG,1688434095
162,bambous virieux,-20.3428,57.7575,295.29,73,75,6.17,MU,1688434096
163,narsaq,60.9167,-46.05,281.27,92,100,1.74,GL,1688434096
164,castro,-24.7911,-50.0119,283.31,96,6,2.14,BR,1688434097
165,manta,-0.95,-80.7333,300.03,78,40,8.05,EC,1688434097
166,manokwari,-0.8667,134.0833,300.99,74,98,1.58,ID,1688434098
167,lufilufi,-13.8745,-171.5986,306.03,75,38,6.78,WS,1688434098
168,ilulissat,69.2167,-51.1,282.16,87,100,4.12,GL,1688434099
169,lagoa,39.05,-27.9833,292.65,67,100,2.8,PT,1688434099
170,ostrovnoy,68.0531,39.5131,283.96,88,21,3.37,RU,1688434100
171,severo-kurilsk,50.6789,156.125,284.49,92,92,2.38,RU,1688434101
172,luganville,-15.5333,167.1667,298.64,67,98,5.9,VU,1688434101
173,zhicheng,30.2956,111.5047,297.7,92,100,0.5,CN,1688434102
174,arlit,18.7369,7.3853,307.86,8,6,4.05,NE,1688434103
175,codrington,-38.2667,141.9667,282.0,97,100,1.83,AU,1688434103
176,bubaque,11.2833,-15.8333,300.05,83,100,4.96,GW,1688434104
177,brookings,44.3114,-96.7984,300.34,54,0,3.6,US,1688434070
178,constitucion,-35.3333,-72.4167,285.02,89,100,1.19,CL,1688434105
179,vilhena,-12.7406,-60.1458,291.93,44,11,1.21,BR,1688434105
180,jumla,29.2747,82.1838,291.91,82,99,0.79,NP,1688434106
181,atar,20.5169,-13.0499,308.54,25,97,1.74,MR,1688434106
182,salalah,17.0151,54.0924,300.2,94,100,1.54,OM,1688434107
183,tuy hoa,13.0833,109.3,301.09,73,100,2.45,VN,1688434108
184,princeton,25.5384,-80.4089,303.16,84,0,1.54,US,1688434111
185,lobito,-12.3481,13.5456,293.29,88,0,0.46,AO,1688434112
186,enugu,6.4402,7.4943,296.03,97,100,2.84,NG,1688433900
187,udachnyy,66.4167,112.4,288.01,54,20,1.62,RU,1688433832
188,butaritari,3.0707,172.7902,300.97,78,100,4.93,KI,1688434113
189,flinders,-34.5833,150.8552,288.81,89,100,1.34,AU,1688434114
190,neyshabur,36.2133,58.7958,295.49,32,0,0.98,IR,1688434115
191,berlevag,70.8578,29.0864,281.15,93,100,3.6,NO,1688434115
192,gazojak,41.1875,61.4036,298.72,34,0,3.56,TM,1688434116
193,vaitape,-16.5167,-151.75,299.98,79,99,8.34,PF,1688434116
194,saint-philippe,-21.3585,55.7679,293.92,79,74,6.33,RE,1688434117
195,alice springs,-23.7,133.8833,284.9,66,0,3.6,AU,1688434117
196,hambantota,6.1241,81.1185,300.34,83,75,3.09,LK,1688434118
197,leh,34.1667,77.5833,288.02,43,89,1.43,IN,1688434119
198,san pedro ayampuc,14.7867,-90.4511,295.78,93,100,1.39,GT,1688434119
199,caucaia,-3.7361,-38.6531,300.39,3,0,3.6,BR,1688434120
200,olafsvik,64.8945,-23.7142,282.53,77,49,5.14,IS,1688434120
201,burnie,-41.0667,145.9167,284.79,80,100,2.06,AU,1688434121
202,derzhavinsk,51.1,66.3167,291.89,67,20,1.7,KZ,1688434121
203,yulara,-25.2406,130.9889,284.6,64,0,3.44,AU,1688434122
204,richards bay,-28.783,32.0377,288.67,68,0,3.09,ZA,1688434122
205,benito juarez,19.385,-99.165,294.26,53,75,5.14,MX,1688434123
206,port blair,11.6667,92.75,300.68,82,98,9.12,IN,1688434124
207,skelleftea,64.7507,20.9528,285.93,100,100,4.63,SE,1688434125
208,praia da vitoria,38.7333,-27.0667,293.29,77,75,2.22,PT,1688433860
209,faya,18.3851,42.4509,294.21,32,9,1.55,SA,1688434126
210,provideniya,64.3833,-173.3,282.24,93,100,3.13,RU,1688434126
211,gat,31.61,34.7642,295.82,76,0,1.96,IL,1688434030
212,buala,-8.145,159.5921,302.03,75,47,5.49,SB,1688434127
213,college,64.8569,-147.8028,296.81,44,100,3.6,US,1688434128
214,chicama,-7.8447,-79.1469,295.45,82,53,2.92,PE,1688434129
215,dikson,73.5069,80.5464,277.78,84,11,7.54,RU,1688434129
216,tabou,4.423,-7.3528,297.78,85,98,2.05,CI,1688434130
217,okakarara,-20.5833,17.4333,282.54,38,0,1.8,NA,1688434130
218,cajati,-24.7361,-48.1228,287.27,97,6,0.79,BR,1688433831
219,belyy yar,53.6039,91.3903,288.09,77,0,1.0,RU,1688434131
220,svetlogorsk,52.6333,29.7333,286.07,86,7,1.51,BY,1688434132
221,klaksvik,62.2266,-6.589,280.66,82,100,9.13,FO,1688434133
222,boundiali,9.5217,-6.4869,295.49,92,29,1.59,CI,1688434133
223,ancud,-41.8697,-73.8203,280.69,88,100,3.75,CL,1688434134
224,ukiah,39.1502,-123.2078,307.84,26,0,3.09,US,1688434079
225,khatanga,71.9667,102.5,290.01,61,100,1.38,RU,1688434135
226,winfield,37.2398,-96.9956,301.58,59,0,2.57,US,1688433849
227,viisoara,46.55,23.9167,290.14,83,0,0.88,RO,1688434136
228,pitimbu,-7.4706,-34.8086,297.48,84,99,7.14,BR,1688434136
229,port-gentil,-0.7193,8.7815,295.3,94,10,5.2,GA,1688434137
230,huejuquilla el alto,22.6,-103.8667,296.4,51,62,2.56,MX,1688434138
231,korla,41.7597,86.1469,301.47,15,45,4.87,CN,1688434138
232,mackay,-21.15,149.2,294.08,89,97,4.34,AU,1688434139
233,bonthe,7.5264,-12.505,297.57,90,100,2.18,SL,1688434140
234,hopelchen,19.7667,-89.85,300.23,75,99,2.15,MX,1688434141
235,nanortalik,60.1432,-45.2371,279.13,88,100,5.01,GL,1688434141
236,nuuk,64.1835,-51.7216,280.49,81,75,8.23,GL,1688434142
237,martaban,16.5314,97.6111,297.88,93,100,3.78,MM,1688434142
238,pevek,69.7008,170.3133,274.13,97,100,3.48,RU,1688434143
239,nata,8.3333,-80.5167,299.08,86,100,0.45,PA,1688434144
240,aklavik,68.2191,-135.0107,303.4,27,29,2.49,CA,1688434144
241,havoysund,70.9963,24.6622,281.28,96,100,5.72,NO,1688434145
242,dharchula,29.85,80.5333,296.98,84,76,0.2,IN,1688434145
243,shache,38.4167,77.2406,300.37,23,96,1.79,CN,1688434146
244,geraldton,-28.7667,114.6,288.38,82,75,6.69,AU,1688434146
245,aripuana,-9.1667,-60.6333,295.45,52,4,0.46,BR,1688434147
246,marana,32.4367,-111.2254,315.8,9,0,4.63,US,1688434079
247,nome,64.5011,-165.4064,289.35,59,20,6.69,US,1688434148
248,egvekinot,66.3167,-179.1667,284.17,58,90,3.4,RU,1688434148
249,port lincoln,-34.7333,135.8667,285.75,72,11,5.56,AU,1688434149
250,carnarvon,-24.8667,113.6333,292.94,63,8,6.84,AU,1688434150
251,acajutla,13.5928,-89.8275,301.02,78,98,0.42,SV,1688434150
252,elko,41.0002,-115.5012,306.16,17,6,9.39,US,1688434151
253,saldanha,-33.0117,17.9442,282.18,88,7,4.04,ZA,1688434151
254,jalu,29.0331,21.5482,297.52,63,0,4.83,LY,1688434152
255,jiwani,25.05,61.7417,301.36,82,100,2.18,PK,1688434153
256,alzamay,55.5562,98.6644,286.3,97,100,3.4,RU,1688434154
257,mandalgovi,45.7625,106.2708,284.22,76,100,8.58,MN,1688434154
258,kalga,50.9251,118.898,289.96,93,100,2.87,RU,1688434155
259,saskylakh,71.9167,114.0833,289.51,44,57,6.11,RU,1688434156
260,shanting,35.0753,117.4578,296.64,92,100,5.28,CN,1688434156
261,bowen,-20.0167,148.2333,296.53,88,99,2.42,AU,1688434157
262,teruel,40.6667,-0.6667,289.41,76,41,1.27,ES,1688434158
263,chapais,49.7834,-74.8492,297.03,67,92,2.03,CA,1688434159
264,huarmey,-10.0681,-78.1522,294.22,82,98,3.75,PE,1688434159
265,pokhara,28.2333,83.9833,295.61,98,100,0.32,NP,1688434160
266,eyl,7.9803,49.8164,298.6,68,95,10.75,SO,1688434161
267,jawhar,2.7809,45.5005,295.82,86,6,5.15,SO,1688434161
268,matamoros,25.5333,-103.25,302.21,54,75,4.63,MX,1688434162
269,billings,45.7833,-108.5007,293.43,62,75,5.14,US,1688434163
270,bethel,41.3712,-73.414,298.51,87,100,2.06,US,1688434164
271,stromness,58.965,-3.296,284.13,87,100,4.47,GB,1688434165
272,hammerfest,70.6634,23.6821,282.4,93,75,4.12,NO,1688434165
273,ravar,31.2656,56.8055,301.68,23,84,0.81,IR,1688434166
274,pochutla,15.7432,-96.4661,298.61,87,67,0.73,MX,1688434166
275,filingue,14.3521,3.3168,303.11,49,100,0.55,NE,1688434168
276,makrana,27.05,74.7167,302.75,67,100,5.13,IN,1688434169
277,cabo san lucas,22.8909,-109.9124,305.71,79,40,7.2,MX,1688434001
278,port shepstone,-30.7414,30.455,290.07,56,0,3.5,ZA,1688434171
279,ermelo,-26.5333,29.9833,278.99,58,0,1.9,ZA,1688434171
280,faanui,-16.4833,-151.75,299.97,80,100,8.37,PF,1688434172
281,aiquile,-18.2041,-65.1807,285.42,82,0,1.77,BO,1688434172
282,carndonagh,55.25,-7.2667,284.96,92,89,4.66,IE,1688434173
283,ewa beach,21.3156,-158.0072,304.12,63,75,5.14,US,1688434050
284,vanderhoof,54.0166,-124.0198,293.34,44,97,2.81,CA,1688434174
285,ceres,37.5949,-120.9577,309.94,23,0,5.66,US,1688434114
286,wad rawah,15.1603,33.1397,298.76,70,100,11.65,SD,1688434175
287,mendi,-6.1761,143.6513,293.52,70,50,1.71,PG,1688434176
288,itoman,26.1247,127.6694,303.16,84,75,6.17,JP,1688434177
289,morondava,-20.2833,44.2833,291.13,67,0,3.85,MG,1688434177
290,quatre cocos,-20.2078,57.7625,295.21,73,27,8.95,MU,1688434178
291,saint george,37.1041,-113.5841,315.48,9,0,10.29,US,1688434117
292,samarkand,39.6542,66.9597,294.83,49,0,1.03,UZ,1688434179
293,nemuro,43.3236,145.575,284.65,98,100,5.89,JP,1688434179
294,poya,-21.35,165.15,296.96,52,94,1.58,NC,1688434180
295,merauke,-8.4667,140.3333,301.38,75,100,4.28,ID,1688434181
296,gaoua,10.2992,-3.2508,297.26,86,29,1.83,BF,1688434181
297,puerto escondido,15.85,-97.0667,301.19,80,86,0.36,MX,1688434182
298,opuwo,-18.0607,13.84,289.26,26,0,2.82,NA,1688434183
299,haines junction,60.7522,-137.5108,291.12,39,100,5.66,CA,1688434183
300,kodinsk,58.6881,99.1844,294.27,54,100,2.86,RU,1688434184
301,bay roberts,47.5999,-53.2648,293.01,96,100,3.36,CA,1688434184
302,barrhead,55.7992,-4.3929,285.89,88,75,5.66,GB,1688434185
303,krasnodon,48.2923,39.7373,292.75,64,3,0.99,UA,1688434186
304,abnub,27.2696,31.1511,301.27,21,0,2.07,EG,1688434186
305,waddan,29.1614,16.139,300.51,41,0,2.97,LY,1688434187
306,omsukchan,62.5333,155.8,301.65,37,65,3.82,RU,1688434187
307,jaslo,49.7451,21.4725,291.03,73,100,1.61,PL,1688434188
308,laramie,41.3114,-105.5911,295.68,30,20,0.0,US,1688434188
309,ambilobe,-13.2,49.05,291.33,68,0,2.63,MG,1688434189
310,khani,41.9563,42.9566,286.91,79,0,2.41,GE,1688434190
311,qasigiannguit,68.8193,-51.1922,282.29,96,100,1.43,GL,1688434190
312,lata,40.1629,-8.3327,290.82,89,100,2.3,PT,1688434191
313,ha tinh,18.3333,105.9,301.75,70,100,3.52,VN,1688434191
314,yuzhno-sukhokumsk,44.6581,45.6436,295.53,65,0,1.99,RU,1688434192
315,ayagoz,47.9714,80.4392,296.34,34,100,2.33,KZ,1688434193
316,primorsk,46.7348,36.3443,293.0,56,1,2.23,UA,1688434194
317,gobabis,-22.45,18.9667,283.42,36,0,4.92,NA,1688434194
318,sur,22.5667,59.5289,301.88,72,100,1.41,OM,1688434195
319,dahra,36.2546,0.8519,298.81,41,0,0.62,DZ,1688434195
320,berdigestyakh,62.0989,126.6992,295.63,59,100,3.13,RU,1688434196
321,kavaratti,10.5669,72.642,301.52,78,100,13.89,IN,1688434196
322,bilibino,68.0546,166.4372,284.8,91,100,1.57,RU,1688434197
323,corsicana,32.0954,-96.4689,305.16,51,0,2.57,US,1688434197
324,talca,-35.4333,-71.6667,284.23,89,100,0.98,CL,1688434198
325,san francisco de becerra,14.6333,-86.1,300.04,96,100,1.39,HN,1688434199
326,caravelas,-17.7125,-39.2481,295.34,55,84,5.41,BR,1688434199
327,mastic beach,40.7668,-72.8521,299.25,91,0,4.02,US,1688434200
328,labuan,5.2767,115.2417,299.35,83,20,1.03,MY,1688434202
329,gold coast,-28.0,153.4333,293.28,93,100,4.63,AU,1688434203
330,vardo,70.3705,31.1107,281.14,100,100,3.09,NO,1688434204
331,zaraza,9.3503,-65.3245,297.67,89,66,2.49,VE,1688434206
332,quattro castella,44.635,10.4743,292.78,76,7,0.91,IT,1688434206
333,nakhon phanom,17.3333,104.4167,296.97,95,100,2.58,TH,1688434207
334,buchanan,5.8808,-10.0467,297.54,85,86,1.34,LR,1688434209
335,kununurra,-15.7667,128.7333,293.14,60,75,3.6,AU,1688434210
336,taoudenni,22.6783,-3.9836,312.43,11,0,5.03,ML,1688434211
337,pimentel,-6.8367,-79.9342,297.31,78,0,5.66,PE,1688434212
338,malindi,-3.2175,40.1191,296.75,82,46,7.6,KE,1688434212
339,grand gaube,-20.0064,57.6608,295.37,69,33,2.68,MU,1688434213
340,sechura,-5.5569,-80.8222,296.59,71,15,7.41,PE,1688434214
341,sakakah,29.9697,40.2064,301.91,17,0,3.72,SA,1688434215
342,albanel,48.8832,-72.4487,295.14,88,64,0.51,CA,1688434216
343,qaqortoq,60.7167,-46.0333,279.14,90,100,3.57,GL,1688434217
344,sao filipe,14.8961,-24.4956,298.05,78,100,3.33,CV,1688434218
345,qinzhou,21.95,108.6167,304.48,64,59,7.86,CN,1688434218
346,westport,41.1415,-73.3579,299.83,84,20,3.6,US,1688434039
347,beyneu,45.3167,55.2,297.97,50,0,3.39,KZ,1688434220
348,santa maria da vitoria,-13.3947,-44.1886,293.53,42,1,1.14,BR,1688434221
349,owando,-0.4819,15.8999,297.56,67,77,1.35,CG,1688434221
350,guapore,-28.8456,-51.8903,285.82,95,6,1.02,BR,1688434222
351,teguldet,57.3064,88.1667,292.8,55,27,1.61,RU,1688434223
352,tutoia,-2.7619,-42.2744,299.24,87,1,4.37,BR,1688434224
353,cerrito,6.8432,-72.694,284.21,92,41,3.2,CO,1688434224
354,marzuq,14.4,46.4667,298.3,71,62,3.3,YE,1688434225
355,lodja,-3.4833,23.4333,293.6,60,4,0.54,CD,1688434226
356,hami,42.8,93.45,301.86,11,0,3.24,CN,1688434215
357,praxedis guerrero,31.3667,-106.0167,304.85,35,30,10.71,MX,1688434227
358,peski,55.2163,38.7626,285.79,81,2,2.77,RU,1688434228
359,noumea,-22.2763,166.4572,296.14,99,100,5.64,NC,1688434228
360,puerto carreno,6.189,-67.4859,298.62,87,100,1.51,CO,1688434229
361,pahasu,28.1833,78.05,305.83,58,7,3.1,IN,1688434230
362,pangnirtung,66.1451,-65.7125,277.27,83,84,2.63,CA,1688434230
363,kijang,35.2442,129.2139,301.0,93,100,1.93,KR,1688434231
364,yokadouma,3.5167,15.05,293.35,98,16,0.89,CM,1688434232
365,victoria,22.2855,114.1577,304.44,83,14,4.02,HK,1688434133
366,tiassale,5.8983,-4.8283,295.74,99,91,0.99,CI,1688434233
367,kulhudhuffushi,6.6221,73.07,301.0,80,100,10.02,MV,1688434235
368,kontagora,10.3999,5.4695,295.92,94,97,2.18,NG,1688434235
369,gemena,3.25,19.7667,294.11,99,100,0.42,CD,1688434236
370,iquitos,-3.7481,-73.2472,297.17,83,0,0.0,PE,1688434237
371,boyolangu,-8.1181,111.8935,299.6,79,55,2.55,ID,1688434237
372,tual,-5.6667,132.75,300.1,82,95,7.11,ID,1688434238
373,beringovskiy,63.05,179.3167,281.03,82,34,2.25,RU,1688434239
374,miraflores,19.2167,-98.8083,293.72,79,95,1.78,MX,1688434239
375,arraial do cabo,-22.9661,-42.0278,289.13,94,75,1.54,BR,1688434240
376,alta floresta,-9.8756,-56.0861,294.22,48,1,1.76,BR,1688434240
377,terrace,54.5163,-128.6035,301.1,29,20,2.57,CA,1688433987
378,mount isa,-20.7333,139.5,288.02,67,1,2.06,AU,1688434242
379,bukama,-9.2,25.85,291.38,50,0,1.27,CD,1688434242
380,leshukonskoye,64.8989,45.7622,286.86,93,100,5.11,RU,1688434243
381,innisfail,-17.5333,146.0333,298.53,85,37,1.69,AU,1688434243
382,karratha,-20.7377,116.8463,293.57,38,1,2.41,AU,1688434244
383,souillac,-20.5167,57.5167,295.36,73,75,6.17,MU,1688434245
384,hutchinson,38.0608,-97.9298,304.12,53,0,3.09,US,1688434207
385,barra patuca,15.8,-84.2833,300.03,88,100,5.24,HN,1688434246
386,laguna,38.421,-121.4238,310.67,28,0,6.17,US,1688434246
387,ananindeua,-1.3656,-48.3722,299.1,94,75,0.0,BR,1688434247
388,ossora,59.2353,163.0719,286.34,80,99,6.42,RU,1688434248
389,san-pedro,4.7485,-6.6363,297.68,86,97,1.87,CI,1688434249
390,katsuura,35.1333,140.3,298.0,78,98,6.3,JP,1688434249
391,pingliang,35.5392,106.6861,298.55,26,0,1.9,CN,1688434250
392,roswell,34.0232,-84.3616,300.35,90,75,2.57,US,1688433969
393,henties bay,-22.116,14.2845,290.72,49,0,1.0,NA,1688434251
394,dudinka,69.4058,86.1778,291.83,46,94,2.77,RU,1688434251
395,antsohihy,-14.8796,47.9875,293.58,63,32,3.13,MG,1688434252
396,surt,31.2089,16.5887,296.58,82,0,1.56,LY,1688434252
397,los llanos de aridane,28.6585,-17.9182,293.22,94,61,4.37,ES,1688434253
398,talaya,61.3833,152.75,305.43,32,67,5.11,RU,1688434254
399,iqaluit,63.7506,-68.5145,279.0,86,75,1.03,CA,1688434212
400,nioki,-2.7167,17.6833,295.22,38,0,1.0,CD,1688434255
401,ekhabi,53.5102,142.9671,289.54,63,17,2.76,RU,1688434256
402,pangody,65.85,74.4859,297.3,63,76,6.2,RU,1688434256
403,garowe,8.4054,48.4845,296.91,62,99,11.02,SO,1688434257
404,shingu,33.7333,135.9833,301.32,67,100,2.46,JP,1688434258
405,lermontovka,47.1453,134.3383,302.31,39,6,0.29,RU,1688434258
406,tessalit,20.1986,1.0114,308.29,21,36,4.06,ML,1688434259
407,pacific grove,36.6177,-121.9166,294.38,82,75,4.63,US,1688434260
408,sterling,39.0062,-77.4286,300.7,83,75,4.63,US,1688434027
409,palmas,-10.2128,-48.3603,295.08,68,0,1.54,BR,1688434260
410,fare,-16.7,-151.0167,299.83,81,100,8.36,PF,1688434262
411,belen,36.4891,36.2233,294.23,78,0,7.2,TR,1688434263
412,the pas,53.8251,-101.2541,289.16,88,75,4.12,CA,1688434264
413,dingle,10.9995,122.6711,302.88,73,95,3.18,PH,1688434265
414,great yarmouth,52.6083,1.7305,284.29,77,100,7.2,GB,1688434117
415,the valley,18.217,-63.0578,302.49,84,60,10.2,AI,1688434266
416,iseyin,7.9667,3.6,295.2,99,100,1.65,NG,1688434267
417,alto longa,-5.2511,-42.2103,300.6,45,52,0.59,BR,1688434267
418,san pedro,14.35,121.0167,304.72,73,40,3.09,PH,1688434268
419,grindavik,63.8424,-22.4338,285.12,71,0,9.77,IS,1688434269
420,rincon,32.296,-81.2354,302.13,58,75,2.57,US,1688434024
421,yar-sale,66.8333,70.8333,294.54,73,86,3.54,RU,1688434270
422,brae,60.3964,-1.353,283.81,76,100,5.2,GB,1688434270
423,ponta delgada,37.7333,-25.6667,292.55,77,40,2.57,PT,1688434027
424,kruisfontein,-34.0033,24.7314,283.58,78,100,2.9,ZA,1688434272
425,minsk,53.9,27.5667,286.01,88,54,3.66,BY,1688434272
426,pamanukan,-6.2842,107.8106,301.75,65,19,1.16,ID,1688434273
427,abaza,52.655,90.0928,290.19,63,5,1.55,RU,1688434274
428,undory,54.6085,48.3928,288.73,90,48,3.25,RU,1688434274
429,gillette,44.2911,-105.5022,295.94,71,0,6.69,US,1688434275
430,aswan,24.0934,32.907,303.76,21,0,0.0,EG,1688434275
431,banda aceh,5.5577,95.3222,299.87,76,100,2.23,ID,1688433993
432,marakkanam,12.2,79.95,300.98,73,100,5.44,IN,1688434277
433,iquique,-20.2208,-70.1431,292.17,76,20,1.54,CL,1688434016
434,solnechnyy,50.7214,136.6319,298.96,39,79,3.07,RU,1688434278
435,mugla,37.2303,28.3557,291.19,81,0,1.51,TR,1688434278
436,mareeba,-17.0,145.4333,296.73,96,51,2.84,AU,1688434279
437,krasnyy chikoy,50.3643,108.7512,286.26,99,100,2.0,RU,1688434279
438,seymchan,62.8833,152.4333,295.2,59,60,9.89,RU,1688434280
439,stow,41.1595,-81.4404,296.52,91,75,0.0,US,1688434280
440,bathsheba,13.2167,-59.5167,300.49,94,40,7.2,BB,1688434281
441,goure,13.9835,10.2704,306.36,29,95,3.68,NE,1688434282
442,vestmannaeyjar,63.4427,-20.2734,283.38,73,11,6.36,IS,1688434282
443,isangel,-19.55,169.2667,296.77,60,62,5.81,VU,1688434283
444,basco,20.4487,121.9702,302.46,82,17,6.89,PH,1688434283
445,faxinal,-24.0003,-51.3194,285.66,85,4,1.9,BR,1688434284
446,mon,26.75,95.1,298.34,94,100,0.85,IN,1688434284
447,pemba,-12.974,40.5178,296.08,73,2,4.52,MZ,1688434286
448,kerema,-7.9631,145.7785,301.81,74,98,2.75,PG,1688434286
449,saint-raymond,45.467,-73.6095,298.18,75,100,2.06,CA,1688434287
450,kabare,-2.4683,28.8242,287.12,87,39,0.32,CD,1688434288
451,komsomolskiy,40.4272,71.7189,299.55,34,6,1.03,UZ,1688434289
452,verkhnyaya inta,65.9811,60.3094,292.7,74,0,3.23,RU,1688434289
453,vostok,46.4856,135.8833,297.33,44,9,2.19,RU,1688434290
454,hasaki,35.7333,140.8333,302.2,83,96,8.57,JP,1688434291
455,padang,-0.9492,100.3543,299.18,79,8,1.06,ID,1688434291
456,natal,-5.795,-35.2094,298.27,88,20,5.14,BR,1688434086
457,san rafael,-34.6177,-68.3301,286.49,78,2,0.72,AR,1688434002
458,san jose,37.3394,-121.895,303.27,51,0,5.66,US,1688434293
459,xingtai,37.0631,114.4942,303.63,47,36,2.49,CN,1688434293
460,santiago,-33.4569,-70.6483,288.34,60,100,1.03,CL,1688434151
461,namatanai,-3.6667,152.4333,301.15,79,100,5.44,PG,1688434294
462,tarko-sale,64.9225,77.785,295.37,63,21,7.07,RU,1688434295
463,borogontsy,62.6683,131.1683,299.58,38,85,4.51,RU,1688434295
464,rio gallegos,-51.6226,-69.2181,274.18,86,0,3.6,AR,1688434291
465,ambulu,-8.345,113.6058,300.3,75,72,0.84,ID,1688434297
466,cabedelo,-6.9811,-34.8339,297.52,87,100,7.44,BR,1688434297
467,lodwar,3.1191,35.5973,297.55,62,66,6.55,KE,1688434298
468,cuamba,-14.8031,36.5372,290.32,69,73,1.0,MZ,1688434298
469,maceio,-9.6658,-35.7353,295.84,94,75,1.03,BR,1688434223
470,payyannur,12.1,75.2,298.18,95,100,6.77,IN,1688434299
471,jambi,-1.6,103.6167,300.23,81,97,1.44,ID,1688434300
472,reshetylivka,49.565,34.0782,290.52,92,52,1.05,UA,1688434300
473,omutninsk,58.67,52.1932,290.31,79,33,1.16,RU,1688434301
474,neiafu,-18.65,-173.9833,299.53,65,40,3.6,TO,1688434301
475,vao,-22.6667,167.4833,293.66,64,100,5.77,NC,1688434302
476,asosa,10.0667,34.5333,288.64,95,100,1.53,ET,1688434303
477,petropavlovsk-kamchatskiy,53.0452,158.6483,294.48,64,20,4.0,RU,1688434303
478,san felipe,10.3399,-68.7425,295.87,98,73,0.76,VE,1688434304
479,de-kastri,51.4667,140.7833,292.54,65,25,2.58,RU,1688434304
480,afogados da ingazeira,-7.7508,-37.6392,292.46,89,20,2.49,BR,1688434305
481,sinnamary,5.3833,-52.95,298.85,89,100,4.26,GF,1688434305
482,octeville,49.6261,-1.6435,287.42,94,0,4.63,FR,1688434306
483,igrim,63.1906,64.4162,295.71,65,6,3.25,RU,1688434306
484,liwale,-9.7667,37.9333,288.53,91,46,1.86,TZ,1688434307
485,nantucket,41.2835,-70.0995,295.18,99,100,2.06,US,1688434149
486,yangjiang,21.85,111.9667,303.11,72,31,4.18,CN,1688434308
487,benjamin constant,-4.3831,-70.0311,298.22,94,40,1.03,BR,1688434309
488,pietarsaari,63.65,22.6833,284.82,99,100,3.31,FI,1688434310
489,letterkenny,54.95,-7.7333,283.7,92,76,3.79,IE,1688434310
490,vila franca do campo,37.7167,-25.4333,292.38,79,100,2.27,PT,1688434311
491,narrabri,-30.3167,149.7833,286.77,95,100,0.89,AU,1688434311
492,koslan,63.4564,48.8989,286.91,94,30,3.95,RU,1688434312
493,epinay-sous-senart,48.6897,2.5119,290.23,69,0,2.57,FR,1688434313
494,agirish,61.9247,63.0231,294.52,65,100,1.78,RU,1688434313
495,inuvik,68.3499,-133.7218,303.63,28,20,3.09,CA,1688434211
496,bud,39.447,-86.1758,299.12,77,26,1.41,US,1688434314
497,naze,28.3667,129.4833,301.66,83,100,6.9,JP,1688434315
498,novato,38.1074,-122.5697,297.93,55,0,5.66,US,1688434301
499,kieta,-6.2167,155.6333,302.5,73,29,4.47,PG,1688434317
500,nabire,-3.3667,135.4833,302.51,70,100,1.84,ID,1688434317
501,kudahuvadhoo,2.6708,72.8944,300.13,79,99,4.99,MV,1688434318
502,guadalupe victoria,32.2869,-115.105,314.19,14,0,5.07,MX,1688434318
503,champerico,14.3,-91.9167,300.7,78,92,2.34,GT,1688434319
504,parabel,58.6978,81.4825,293.05,60,52,2.16,RU,1688434320
505,anloga,5.7947,0.8973,297.86,90,100,4.36,GH,1688434320
506,rio grande city,26.3798,-98.8203,305.99,47,39,9.77,US,1688434321
507,gwadar,25.1216,62.3254,301.22,82,76,2.36,PK,1688434323
508,kutum,14.2,24.6667,297.98,50,64,3.4,SD,1688434324
509,byron bay,-28.65,153.6167,288.54,88,99,4.19,AU,1688434198
510,menongue,-14.6585,17.691,281.91,55,0,1.79,AO,1688434325
511,palmer,42.1584,-72.3287,297.17,80,75,0.0,US,1688434326
512,jining,35.405,116.5814,297.52,90,100,4.49,CN,1688434327
513,erzin,36.9559,36.2,296.53,88,92,0.26,TR,1688434327
514,alibag,18.6411,72.8792,299.19,82,65,1.74,IN,1688434328
515,sambava,-14.2667,50.1667,295.47,70,11,6.26,MG,1688434328
516,saint-georges,12.0564,-61.7485,300.97,89,75,7.72,GD,1688434329
517,orichi,58.4036,49.0572,288.49,85,6,1.85,RU,1688434330
518,belgrade,44.804,20.4651,292.27,85,0,0.51,RS,1688434052
519,shu,43.5983,73.7614,299.89,26,4,3.28,KZ,1688434331
520,plettenberg bay,-34.0527,23.3716,286.07,73,100,2.78,ZA,1688434332
521,warrington,53.3925,-2.5802,285.62,82,0,5.66,GB,1688434333
522,union city,37.5958,-122.0192,306.36,55,0,7.2,US,1688434046
523,kuusamo,65.9667,29.1833,282.17,93,100,2.57,FI,1688434334
524,aranjuez,40.0311,-3.6025,299.32,28,17,3.76,ES,1688434334
525,at-bashi,41.1702,75.8106,290.03,45,100,0.56,KG,1688434335
526,wageningen,51.9667,5.6667,287.1,91,75,4.63,NL,1688434335
527,raudeberg,61.9875,5.1352,285.52,74,98,4.87,NO,1688434336
528,wairoa,-39.0333,177.3667,290.12,59,2,4.02,NZ,1688434337
529,port hedland,-20.3167,118.5667,293.18,52,0,2.06,AU,1688434337
530,saint anthony,45.0205,-93.218,302.69,66,0,6.17,US,1688434338
531,port macquarie,-31.4333,152.9167,288.65,91,100,4.24,AU,1688434339
532,januaria,-15.4833,-44.3667,292.31,43,4,0.35,BR,1688434339
533,sangueya,10.7,-14.3667,297.85,94,100,1.2,GN,1688434340
534,najran,17.4924,44.1277,300.51,40,63,1.54,SA,1688434341
535,san vicente,-26.6167,-54.1333,285.91,88,2,1.11,AR,1688434342
536,sioux lookout,50.1001,-91.917,297.19,35,75,2.57,CA,1688434343
537,seoul,37.5683,126.9778,302.81,77,75,3.09,KR,1688434046
538,kitimat,54.0524,-128.6534,301.36,41,2,2.68,CA,1688434345
539,flin flon,54.7682,-101.865,282.38,93,100,5.79,CA,1688434345
540,ati,13.2154,18.3353,302.96,53,14,3.59,TD,1688434347
541,bristol,41.8334,-71.1662,297.71,88,0,2.57,US,1688434347
542,dondo,-19.6094,34.7431,293.06,77,87,0.95,MZ,1688434348
543,khuzhir,53.1939,107.3397,282.79,99,100,1.71,RU,1688434348
544,shagamu,6.8432,3.6478,296.62,97,100,0.67,NG,1688434349
545,qandala,11.472,49.8728,304.44,51,48,4.77,SO,1688434350
546,te anau,-45.4167,167.7167,281.7,82,88,2.71,NZ,1688434350
547,benalla,-36.55,145.9833,283.87,94,100,2.81,AU,1688434351
548,itaqui,-29.1253,-56.5531,291.51,81,5,3.85,BR,1688434351
549,mondlo,-27.983,30.7177,281.31,35,0,2.88,ZA,1688434352
550,deputatskiy,69.3,139.9,280.75,55,96,1.7,RU,1688434352
551,sao geraldo do araguaia,-6.4006,-48.555,296.69,60,0,0.74,BR,1688434353
552,sorong,-0.8833,131.25,297.66,93,100,3.16,ID,1688434252
553,tallahassee,30.4383,-84.2807,302.26,90,20,0.0,US,1688434283
554,kloulklubed,7.0419,134.2556,302.43,76,22,2.03,PW,1688434356
555,bagdarin,54.4333,113.6,289.97,91,100,2.9,RU,1688434357
556,antofagasta,-23.65,-70.4,289.75,80,3,2.13,CL,1688434357
557,tsabong,-26.0217,22.401,284.1,45,0,4.84,BW,1688434358
558,winnemucca,40.973,-117.7357,308.18,9,0,8.75,US,1688434309
559,la libertad,-2.2333,-80.9,297.96,79,95,3.75,EC,1688434359
560,loiza,18.4313,-65.8802,302.15,90,75,5.66,PR,1688434359
561,goderich,43.7501,-81.7165,294.21,88,0,2.06,CA,1688434360
562,acarau,-2.8856,-40.12,298.94,87,8,4.65,BR,1688434360
563,yichang,30.7144,111.2847,298.06,95,100,1.34,CN,1688434138
564,bongandanga,1.5,21.05,295.39,92,86,0.49,CD,1688434361
565,dawlatabad,36.4141,64.9053,300.25,22,0,3.68,AF,1688434362
566,laje,-10.1833,-40.9667,294.93,63,100,5.5,BR,1688434362
567,carbonia,39.1672,8.5222,293.68,92,4,2.62,IT,1688434363
568,plattsburgh,44.6995,-73.4529,296.16,88,0,0.0,US,1688434122
569,honningsvag,70.9821,25.9704,281.01,100,100,6.17,NO,1688434364
570,saint-augustin,51.226,-58.6502,285.36,99,100,2.01,CA,1688434366
571,ulaangom,49.9811,92.0667,290.82,43,10,2.46,MN,1688434366
572,amet,25.3,73.9333,300.83,75,100,4.5,IN,1688434367
573,dharmadam,11.7833,75.4333,298.46,95,100,7.52,IN,1688434368
574,chanika,-5.4167,38.0167,287.69,98,70,1.45,TZ,1688434368
575,suez,29.9737,32.5263,298.33,47,0,3.46,EG,1688434369
576,bluefields,12.0137,-83.7635,297.06,94,100,1.14,NI,1688434369
577,imbituba,-28.24,-48.6703,291.96,93,22,4.61,BR,1688434370
578,husavik,66.0449,-17.3389,278.37,86,100,6.65,IS,1688434370
